Trialn,TrialType,Partner,Feedback,ITI,ISI
1,5,2,2,2,1.700000e+00
2,6,2,3,1,8.500000e-01
3,4,2,1,3,8.500000e-01
4,3,1,3,1,2.550000e+00
5,2,1,2,3,2.550000e+00
6,1,1,1,4,8.500000e-01
7,3,1,3,4,2.550000e+00
8,3,1,3,4,1.700000e+00
9,4,2,1,4,1.700000e+00
10,1,1,1,4,1.700000e+00
11,1,1,1,1,1.700000e+00
12,3,1,3,1,1.700000e+00
13,6,2,3,2,8.500000e-01
14,6,2,3,2,1.700000e+00
15,6,2,3,3,1.700000e+00
16,5,2,2,2,8.500000e-01
17,5,2,2,1,1.700000e+00
18,3,1,3,3,8.500000e-01
19,1,1,1,2,2.550000e+00
20,1,1,1,2,1.700000e+00
21,5,2,2,3,2.550000e+00
22,4,2,1,2,1.700000e+00
23,1,1,1,1,8.500000e-01
24,3,1,3,1,8.500000e-01
25,1,1,1,1,8.500000e-01
26,1,1,1,4,8.500000e-01
27,2,1,2,1,2.550000e+00
28,4,2,1,3,1.700000e+00
29,3,1,3,1,2.550000e+00
30,1,1,1,2,1.700000e+00
31,6,2,3,4,8.500000e-01
32,6,2,3,1,8.500000e-01
33,6,2,3,3,8.500000e-01
34,4,2,1,4,2.550000e+00
35,3,1,3,1,2.550000e+00
36,4,2,1,2,1.700000e+00
37,5,2,2,4,2.550000e+00
38,4,2,1,2,1.700000e+00
39,2,1,2,3,2.550000e+00
40,2,1,2,2,8.500000e-01
41,6,2,3,4,8.500000e-01
42,4,2,1,1,8.500000e-01
43,1,1,1,3,2.550000e+00
44,4,2,1,2,2.550000e+00
45,6,2,3,3,1.700000e+00
46,1,1,1,2,2.550000e+00
47,2,1,2,4,1.700000e+00
48,3,1,3,2,2.550000e+00
49,4,2,1,3,1.700000e+00
50,3,1,3,4,8.500000e-01
51,6,2,3,1,8.500000e-01
52,3,1,3,4,2.550000e+00
53,6,2,3,2,2.550000e+00
54,4,2,1,3,2.550000e+00
