Trialn,TrialType,Partner,Feedback,ITI,ISI
1,1,1,1,1,1.700000e+00
2,6,2,3,2,8.500000e-01
3,3,1,3,1,1.700000e+00
4,2,1,2,2,8.500000e-01
5,5,2,2,2,8.500000e-01
6,5,2,2,1,8.500000e-01
7,3,1,3,3,1.700000e+00
8,3,1,3,1,8.500000e-01
9,2,1,2,4,8.500000e-01
10,4,2,1,1,2.550000e+00
11,1,1,1,4,1.700000e+00
12,5,2,2,4,8.500000e-01
13,3,1,3,2,2.550000e+00
14,3,1,3,2,2.550000e+00
15,1,1,1,3,2.550000e+00
16,4,2,1,2,1.700000e+00
17,3,1,3,4,2.550000e+00
18,6,2,3,4,2.550000e+00
19,2,1,2,3,1.700000e+00
20,4,2,1,1,2.550000e+00
21,4,2,1,1,2.550000e+00
22,1,1,1,3,2.550000e+00
23,3,1,3,4,1.700000e+00
24,4,2,1,2,2.550000e+00
25,3,1,3,3,1.700000e+00
26,6,2,3,1,1.700000e+00
27,6,2,3,4,1.700000e+00
28,3,1,3,1,1.700000e+00
29,1,1,1,4,2.550000e+00
30,6,2,3,1,1.700000e+00
31,5,2,2,1,8.500000e-01
32,1,1,1,2,2.550000e+00
33,5,2,2,4,8.500000e-01
34,1,1,1,3,2.550000e+00
35,4,2,1,2,2.550000e+00
36,6,2,3,1,8.500000e-01
37,6,2,3,4,1.700000e+00
38,1,1,1,1,1.700000e+00
39,4,2,1,4,8.500000e-01
40,4,2,1,4,8.500000e-01
41,6,2,3,3,8.500000e-01
42,1,1,1,3,8.500000e-01
43,2,1,2,3,2.550000e+00
44,6,2,3,4,8.500000e-01
45,4,2,1,3,2.550000e+00
46,4,2,1,3,2.550000e+00
47,1,1,1,3,1.700000e+00
48,3,1,3,1,8.500000e-01
49,6,2,3,2,1.700000e+00
50,3,1,3,4,2.550000e+00
51,4,2,1,2,8.500000e-01
52,2,1,2,3,8.500000e-01
53,6,2,3,1,1.700000e+00
54,1,1,1,3,1.700000e+00
