Trialn,TrialType,Partner,Feedback,ITI,ISI
1,3,1,3,3,1.700000e+00
2,4,2,1,2,8.500000e-01
3,1,1,1,1,1.700000e+00
4,5,2,2,2,8.500000e-01
5,4,2,1,1,2.550000e+00
6,2,1,2,3,8.500000e-01
7,5,2,2,4,8.500000e-01
8,3,1,3,4,2.550000e+00
9,3,1,3,4,2.550000e+00
10,4,2,1,4,8.500000e-01
11,1,1,1,1,1.700000e+00
12,6,2,3,4,1.700000e+00
13,4,2,1,2,2.550000e+00
14,3,1,3,1,1.700000e+00
15,4,2,1,1,2.550000e+00
16,1,1,1,3,2.550000e+00
17,1,1,1,3,1.700000e+00
18,5,2,2,1,8.500000e-01
19,4,2,1,4,8.500000e-01
20,6,2,3,1,1.700000e+00
21,3,1,3,2,2.550000e+00
22,6,2,3,4,8.500000e-01
23,6,2,3,2,8.500000e-01
24,6,2,3,1,1.700000e+00
25,6,2,3,4,2.550000e+00
26,5,2,2,1,8.500000e-01
27,1,1,1,2,2.550000e+00
28,4,2,1,2,1.700000e+00
29,6,2,3,2,1.700000e+00
30,3,1,3,1,8.500000e-01
31,6,2,3,4,1.700000e+00
32,3,1,3,4,1.700000e+00
33,3,1,3,1,1.700000e+00
34,4,2,1,2,2.550000e+00
35,6,2,3,1,1.700000e+00
36,3,1,3,2,2.550000e+00
37,6,2,3,1,8.500000e-01
38,1,1,1,3,2.550000e+00
39,3,1,3,3,1.700000e+00
40,4,2,1,3,2.550000e+00
41,2,1,2,3,1.700000e+00
42,5,2,2,4,8.500000e-01
43,2,1,2,2,8.500000e-01
44,4,2,1,3,2.550000e+00
45,1,1,1,3,2.550000e+00
46,1,1,1,4,2.550000e+00
47,6,2,3,3,8.500000e-01
48,1,1,1,4,1.700000e+00
49,4,2,1,1,2.550000e+00
50,3,1,3,1,8.500000e-01
51,2,1,2,4,8.500000e-01
52,1,1,1,3,8.500000e-01
53,2,1,2,3,2.550000e+00
54,1,1,1,3,1.700000e+00
